{
  "project_info": {
    "project_number": "530245455543",
    "firebase_url": "https://deforestation-database.firebaseio.com",
    "project_id": "deforestation-database",
    "storage_bucket": "deforestation-database.appspot.com"
  },
  "client": [
    {
      "client_info": {
        "mobilesdk_app_id": "1:530245455543:android:f3c3a7af33b6cb68fcc732",
        "android_client_info": {
          "package_name": "com.smart.admin.sensors"
        }
      },
      "oauth_client": [
        {
          "client_id": "530245455543-lsjfiadiglifdpmfjqgje7ujc9lbhn3o.apps.googleusercontent.com",
          "client_type": 3
        }
      ],
      "api_key": [
        {
          "current_key": "AIzaSyBHCLiXyqbOD3vgQ9SC-4jHrXz_Mgo_k0g"
        }
      ],
      "services": {
        "appinvite_service": {
          "other_platform_oauth_client": [
            {
              "client_id": "530245455543-lsjfiadiglifdpmfjqgje7ujc9lbhn3o.apps.googleusercontent.com",
              "client_type": 3
            }
          ]
        }
      }
    }
  ],
  "configuration_version": "1"
}